{
  "project_info": {
    "project_number": "1065358867304",
    "project_id": "cimatecmovie11",
    "storage_bucket": "cimatecmovie11.appspot.com"
  },
  "client": [
    {
      "client_info": {
        "mobilesdk_app_id": "1:1065358867304:android:451d12b2569b9e87dc74dd",
        "android_client_info": {
          "package_name": "com.cursoandroid.cimatecmovie11"
        }
      },
      "oauth_client": [
        {
          "client_id": "1065358867304-npp4p0fs85ghqcg280j7innh1puhf5ch.apps.googleusercontent.com",
          "client_type": 1,
          "android_info": {
            "package_name": "com.cursoandroid.cimatecmovie11",
            "certificate_hash": "2ee11534575aa8b146a76bd351a2fbcd21bd1acc"
          }
        },
        {
          "client_id": "1065358867304-s54b0bdb1geglh5cmbm19qmb7it9451k.apps.googleusercontent.com",
          "client_type": 3
        }
      ],
      "api_key": [
        {
          "current_key": "AIzaSyDRO2i9IAQb_8VWLtJIdYpnl2kP4sdppZA"
        }
      ],
      "services": {
        "appinvite_service": {
          "other_platform_oauth_client": [
            {
              "client_id": "1065358867304-s54b0bdb1geglh5cmbm19qmb7it9451k.apps.googleusercontent.com",
              "client_type": 3
            }
          ]
        }
      }
    }
  ],
  "configuration_version": "1"
}